number, type, name   , long_name, descriptive_name                           , grib  , gribsrc, gribddp, gribsdm, gribwdl, gribwdc, gribngt, gribmss, gribod , advect, ddepvsea  , ddepvlic  , sedimv    , scavin, scavbcr, scavbcs, optclass, hygclass, aerocv
1     , SU  , SO4    , SO4      , Sulfuric_acid_NOT_SULFATE                  , 11.210, 4.215  , 41.212 , 158.216, 184.216, 48.215 , 236.216, 107.200, 85.200 , true  , 0.0015    , 0.0025    , 0.0       , 0.7   , 0.001  , 0.01   , Sulphate, Sulphate, 1
2     , AM  , AM_AS  , AM_AS    , ammonium_wet_accumulation                  , 35.212, 106.216, 112.216, 159.216, 51.212 , 50.215 , 237.216, 108.200, 86.200 , true  , 1.5000E-03, 1.5000E-03, 1.0000E-03, 0.9   , 0.0001 , 0.005  , Ammonium, Ammonium, 1
3     , NI  , NI_AS  , NI_AS    , nitrate_wet_accumulation                   , 36.212, 7.215  , 14.215 , 107.216, 113.216, 52.215 , 61.212 , 109.200, 87.200 , true  , 1.5000E-03, 1.5000E-03, 1.0226E-04, 0.8   , 0.0001 , 0.005  , Nitrate , Nitrate , 1
4     , AS  , AS_N   , AS_N     , number_wet_accumulation                    , 1.212 , 18.216 , 17.215 , 160.216, 185.216, 54.215 , 238.216, 110.200, 71.212 , true  , 1.5000E-03, 1.5000E-03, 1.0226E-04, 0.8   , 0.0001 , 0.005  , m7opt   , m7hyg   , 1
5     , AS  , SO4_AS , SO4_AS   , sulphate_wet_accumulation                  , 2.212 , 19.216 , 20.215 , 161.216, 186.216, 56.215 , 239.216, 111.200, 88.200 , true  , 1.5000E-03, 1.5000E-03, 1.0226E-04, 0.8   , 0.0001 , 0.005  , m7opt   , m7hyg   , 1
6     , AS  , BC_AS  , BC_AS    , black_carbon_wet_accumulation              , 3.212 , 28.216 , 81.212 , 162.216, 187.216, 58.215 , 240.216, 112.200, 89.200 , true  , 1.5000E-03, 1.5000E-03, 1.0226E-04, 0.8   , 0.0001 , 0.005  , m7opt   , m7hyg   , 1
7     , AS  , POM_AS , POM_AS   , particulate_organic_matter_wet_accumulation, 4.212 , 29.216 , 23.215 , 163.216, 91.212 , 60.215 , 241.216, 113.200, 90.200 , true  , 1.5000E-03, 1.5000E-03, 1.0226E-04, 0.8   , 0.0001 , 0.005  , m7opt   , m7hyg   , 1
8     , AS  , SS_AS  , SS_AS    , seasalt_wet_accumulation                   , 5.212 , 38.216 , 3.215  , 164.216, 188.216, 62.215 , 242.216, 114.200, 91.200 , true  , 1.5000E-03, 1.5000E-03, 1.0226E-04, 0.8   , 0.0001 , 0.005  , m7opt   , m7hyg   , 1
9     , AS  , DU_AS  , DU_AS    , dust_wet_accumulation                      , 6.212 , 39.216 , 6.215  , 37.215 , 189.216, 64.215 , 243.216, 115.200, 111.212, true  , 1.5000E-03, 1.5000E-03, 1.0226E-04, 0.8   , 0.0001 , 0.005  , m7opt   , m7hyg   , 1
10    , SOA , SOA_NS , SOA_NS   , SOA_wet_nucleation                         , 7.212 , 1.215  , 9.215  , 40.215 , 190.216, 49.215 , 244.216, 116.200, 92.200 , true  , 1.5000E-03, 1.5000E-03, 1.0226E-04, 0.8   , 0.0001 , 0.005  , m7opt   , m7hyg   , 1
11    , SOA , SOA_KS , SOA_KS   , SOA_wet_Aitken                             , 8.212 , 49.216 , 121.212, 167.216, 191.216, 51.215 , 245.216, 117.200, 93.200 , true  , 1.5000E-03, 1.5000E-03, 1.0226E-04, 0.8   , 0.0001 , 0.005  , m7opt   , m7hyg   , 1
12    , SOA , SOA_AS , SOA_AS   , SOA_wet_accumulation                       , 9.212 , 58.216 , 12.215 , 43.215 , 192.216, 53.215 , 246.216, 118.200, 94.200 , true  , 1.5000E-03, 1.5000E-03, 1.0226E-04, 0.8   , 0.0001 , 0.005  , m7opt   , m7hyg   , 1
13    , SOA , SOA_CS , SOA_CS   , SOA_wet_coarse                             , 10.212, 59.216 , 15.215 , 46.215 , 193.216, 55.215 , 141.212, 119.200, 95.200 , true  , 1.5000E-03, 1.5000E-03, 1.0226E-04, 0.8   , 0.0001 , 0.005  , m7opt   , m7hyg   , 1
14    , SOA , SOA_KI , SOA_KI   , SOA_dry_Aitken                             , 11.212, 125.216, 18.215 , 170.216, 194.216, 57.215 , 247.216, 150.212, 151.212, true  , 1.5000E-03, 1.5000E-03, 1.0226E-04, 0.8   , 0.0001 , 0.005  , m7opt   , m7hyg   , 1
15    , H2O , H2OPART, H2OPART  , H2O_particule_TBC                          , 12.212, 10.215 , 21.215 , 26.215 , 195.216, 59.215 , 248.216, 120.200, 96.200 , true  , 1.5000E-03, 1.5000E-03, 1.0226E-04, 0.8   , 0.0001 , 0.005  , m7opt   , m7hyg   , 1
16    , KI  , KI_N   , KI_N     , number_dry_aitken                          , 13.212, 160.212, 24.215 , 29.215 , 196.216, 61.215 , 249.216, 80.129 , 97.200 , true  , 1.5000E-03, 1.5000E-03, 1.0226E-04, 0.8   , 0.0001 , 0.005  , m7opt   , m7hyg   , 1
17    , KI  , BC_KI  , BC_KI    , black_carbon_dry_aitken                    , 14.212, 168.212, 25.215 , 32.215 , 197.216, 63.215 , 250.216, 81.129 , 175.212, true  , 1.5000E-03, 1.5000E-03, 1.0226E-04, 0.8   , 0.0001 , 0.005  , m7opt   , m7hyg   , 1
18    , KI  , POM_KI , POM_KI   , particulate_organic_matter_dry_aitken      , 15.212, 13.215 , 28.215 , 35.215 , 198.216, 66.215 , 80.215 , 82.129 , 98.200 , true  , 1.5000E-03, 1.5000E-03, 1.0226E-04, 0.8   , 0.0001 , 0.005  , m7opt   , m7hyg   , 1
19    , AI  , AI_N   , AI_N     , number_dry_accumulation                    , 16.212, 16.215 , 31.215 , 175.216, 199.216, 68.215 , 252.216, 83.129 , 191.212, true  , 1.5000E-03, 1.5000E-03, 1.0226E-04, 0.8   , 0.0001 , 0.005  , m7opt   , m7hyg   , 1
20    , AI  , DU_AI  , DU_AI    , dust_dry_accumulation                      , 17.212, 19.215 , 150.216, 176.216, 200.216, 70.215 , 253.216, 84.129 , 99.200 , true  , 1.5000E-03, 1.5000E-03, 1.0226E-04, 0.8   , 0.0001 , 0.005  , m7opt   , m7hyg   , 1
21    , KS  , KS_N   , KS_N     , number_wet_aitken                          , 18.212, 22.215 , 201.212, 177.216, 44.215 , 72.215 , 254.216, 85.129 , 100.200, true  , 1.5000E-03, 1.5000E-03, 1.0226E-04, 0.8   , 0.0001 , 0.005  , m7opt   , m7hyg   , 1
22    , KS  , SO4_KS , SO4_KS   , sulfate_wet_aitken                         , 19.212, 2.215  , 151.216, 105.216, 47.215 , 74.215 , 255.216, 86.129 , 101.200, true  , 1.5000E-03, 1.5000E-03, 1.0226E-04, 0.8   , 0.0001 , 0.005  , m7opt   , m7hyg   , 1
23    , KS  , BC_KS  , BC_KS    , black_carbon_wet_aitken                    , 20.212, 108.216, 217.212, 178.216, 27.215 , 76.215 , 80.200 , 87.129 , 102.200, true  , 1.5000E-03, 1.5000E-03, 1.0226E-04, 0.8   , 0.0001 , 0.005  , m7opt   , m7hyg   , 1
24    , KS  , POM_KS , POM_KS   , particulate_organic_matter_wet_aitken      , 21.212, 132.216, 152.216, 179.216, 30.215 , 78.215 , 81.200 , 230.212, 103.200, true  , 1.5000E-03, 1.5000E-03, 1.0226E-04, 0.8   , 0.0001 , 0.005  , m7opt   , m7hyg   , 1
25    , CI  , CI_N   , CI_N     , number_dry_coarse                          , 22.212, 5.215  , 153.216, 180.216, 33.215 , 232.216, 82.200 , 88.129 , 104.200, true  , 1.5000E-03, 1.5000E-03, 1.0226E-04, 0.8   , 0.0001 , 0.005  , m7opt   , m7hyg   , 1
26    , CI  , DU_CI  , DU_CI    , dust_dry_coarse                            , 23.212, 8.215  , 154.216, 181.216, 36.215 , 233.216, 83.200 , 89.129 , 247.212, true  , 1.5000E-03, 1.5000E-03, 1.0226E-04, 0.8   , 0.0001 , 0.005  , m7opt   , m7hyg   , 1
27    , CS  , CS_N   , CS_N     , number_wet_coarse                          , 24.212, 248.212, 249.212, 250.212, 251.212, 252.212, 253.212, 254.212, 255.212, true  , 1.5000E-03, 1.5000E-03, 1.0226E-04, 0.8   , 0.0001 , 0.005  , m7opt   , m7hyg   , 1
28    , CS  , SO4_CS , SO4_CS   , sulfate_wet_coarse                         , 25.212, 1.216  , 2.216  , 3.216  , 4.216  , 5.216  , 65.215 , 7.216  , 105.200, true  , 1.5000E-03, 1.5000E-03, 1.0226E-04, 0.8   , 0.0001 , 0.005  , m7opt   , m7hyg   , 1
29    , CS  , BC_CS  , BC_CS    , black_carbon_wet_coarse                    , 26.212, 109.216, 155.216, 182.216, 39.215 , 13.216 , 14.216 , 15.216 , 16.216 , true  , 1.5000E-03, 1.5000E-03, 1.0226E-04, 0.8   , 0.0001 , 0.005  , m7opt   , m7hyg   , 1
30    , CS  , POM_CS , POM_CS   , particulate_organic_matter_wet_coarse      , 27.212, 17.216 , 156.216, 183.216, 20.216 , 21.216 , 22.216 , 23.216 , 24.216 , true  , 1.5000E-03, 1.5000E-03, 1.0226E-04, 0.8   , 0.0001 , 0.005  , m7opt   , m7hyg   , 1
31    , CS  , SS_CS  , SS_CS    , seasalt_wet_coarse                         , 28.212, 25.216 , 26.216 , 27.216 , 42.215 , 234.216, 30.216 , 31.216 , 32.216 , true  , 1.5000E-03, 1.5000E-03, 1.0226E-04, 0.8   , 0.0001 , 0.005  , m7opt   , m7hyg   , 1
32    , CS  , DU_CS  , DU_CS    , dust_wet_coarse                            , 29.212, 11.215 , 34.215 , 38.215 , 36.216 , 37.216 , 84.200 , 90.129 , 40.216 , true  , 1.5000E-03, 1.5000E-03, 1.0226E-04, 0.8   , 0.0001 , 0.005  , m7opt   , m7hyg   , 1
33    , NS  , NS_N   , NS_N     , number_wet_nucleation                      , 30.212, 41.216 , 42.216 , 41.215 , 45.215 , 235.216, 67.215 , 47.216 , 106.200, true  , 1.5000E-03, 1.5000E-03, 1.0226E-04, 0.8   , 0.0001 , 0.005  , m7opt   , m7hyg   , 1
34    , NS  , SO4_NS , SO4_NS   , sulphate_wet_nucleation                    , 31.212, 110.216, 50.216 , 51.216 , 52.216 , 53.216 , 54.216 , 55.216 , 56.216 , true  , 1.5000E-03, 1.5000E-03, 1.0226E-04, 0.8   , 0.0001 , 0.005  , m7opt   , m7hyg   , 1
35    , VOC , ELVOC  , ELVOC    , extremely_low_volatile_OC                  , 32.212, 57.216 , 157.216, 111.216, 60.216 , 61.216 , 62.216 , 63.216 , 64.216 , true  , 1.5000E-03, 1.5000E-03, 1.0226E-04, 0.8   , 0.0001 , 0.005  , m7opt   , m7hyg   , 1
36    , VOC , ISVOC  , ISVOC    , semi_volatile_OC                           , 33.212, 65.216 , 66.216 , 67.216 , 68.216 , 69.216 , 70.216 , 71.216 , 72.216 , true  , 1.5000E-03, 1.5000E-03, 1.0226E-04, 0.8   , 0.0001 , 0.005  , m7opt   , m7hyg   , 1
37    , MSA , MSA    , MSA      , methyl_sulphonic_acid                      , 34.212, 73.216 , 74.216 , 75.216 , 76.216 , 77.216 , 78.216 , 79.216 , 80.216 , true  , 1.5000E-03, 1.5000E-03, 1.0226E-04, 0.8   , 0.0001 , 0.005  , m7opt   , m7hyg   , 1
38    , NI  , NI_CS  , NI_CS    , nitrate_wet_coarse                         , 37.212, 81.216 , 82.216 , 83.216 , 84.216 , 85.216 , 86.216 , 87.216 , 88.216 , true  , 1.5000E-03, 1.5000E-03, 1.0226E-04, 0.8   , 0.0001 , 0.005  , Nitrate , Nitrate , 1
39    , CDNC, CDNC   , CDNC     , cloud_droplet_number_conc                  , 38.212, 89.216 , 90.216 , 91.216 , 92.216 , 93.216 , 94.216 , 95.216 , 96.216 , true  , 1.5000E-03, 1.5000E-03, 1.0226E-04, 0.8   , 0.0001 , 0.005  , m7opt   , m7hyg   , 1
40    , ICNC, ICNC   , ICNC     , ice_crystal_number_conc                    , 39.212, 97.216 , 98.216 , 99.216 , 100.216, 101.216, 102.216, 103.216, 104.216, true  , 1.5000E-03, 1.5000E-03, 1.0226E-04, 0.8   , 0.0001 , 0.005  , m7opt   , m7hyg   , 1
